partido_o_alianza,candidato_a_la_presidencia,valor,mes,año,encuestadora,medio,codigo_encuesta
MAS-IPSP,Morales,27.9,marzo,2018,captura_consulting,pat,captura_consulting_marzo_2018
CC,Mesa,18.2,marzo,2018,captura_consulting,pat,captura_consulting_marzo_2018
,Revilla,4.1,marzo,2018,captura_consulting,pat,captura_consulting_marzo_2018
,Costas,9.2,marzo,2018,captura_consulting,pat,captura_consulting_marzo_2018
,Doria Medina,7.5,marzo,2018,captura_consulting,pat,captura_consulting_marzo_2018
21F,Ortiz,,marzo,2018,captura_consulting,pat,captura_consulting_marzo_2018
UCS,Cárdenas,,marzo,2018,captura_consulting,pat,captura_consulting_marzo_2018
MTS,Patzi,,marzo,2018,captura_consulting,pat,captura_consulting_marzo_2018
MNR,Lema,,marzo,2018,captura_consulting,pat,captura_consulting_marzo_2018
,Quiroga,3.4,marzo,2018,captura_consulting,pat,captura_consulting_marzo_2018
PDC,Paz Zamora,,marzo,2018,captura_consulting,pat,captura_consulting_marzo_2018
PAN-BOL,Nina,,marzo,2018,captura_consulting,pat,captura_consulting_marzo_2018
FPV,Rodríguez,,marzo,2018,captura_consulting,pat,captura_consulting_marzo_2018
,Albarracín,2.6,marzo,2018,captura_consulting,pat,captura_consulting_marzo_2018
,Otros,10.6,marzo,2018,captura_consulting,pat,captura_consulting_marzo_2018
,NS/NR,16.5,marzo,2018,captura_consulting,pat,captura_consulting_marzo_2018
,Blanco,,marzo,2018,captura_consulting,pat,captura_consulting_marzo_2018
,Ninguno,,marzo,2018,captura_consulting,pat,captura_consulting_marzo_2018
,Nulo,,marzo,2018,captura_consulting,pat,captura_consulting_marzo_2018
,Indecisos,,marzo,2018,captura_consulting,pat,captura_consulting_marzo_2018
MAS-IPSP,Morales,27.4,mayo,2018,captura_consulting,pat,captura_consulting_mayo_2018
CC,Mesa,23.4,mayo,2018,captura_consulting,pat,captura_consulting_mayo_2018
,Revilla,2.5,mayo,2018,captura_consulting,pat,captura_consulting_mayo_2018
,Costas,11.8,mayo,2018,captura_consulting,pat,captura_consulting_mayo_2018
,Doria Medina,7.2,mayo,2018,captura_consulting,pat,captura_consulting_mayo_2018
21F,Ortiz,,mayo,2018,captura_consulting,pat,captura_consulting_mayo_2018
UCS,Cárdenas,,mayo,2018,captura_consulting,pat,captura_consulting_mayo_2018
MTS,Patzi,,mayo,2018,captura_consulting,pat,captura_consulting_mayo_2018
MNR,Lema,,mayo,2018,captura_consulting,pat,captura_consulting_mayo_2018
,Quiroga,2.7,mayo,2018,captura_consulting,pat,captura_consulting_mayo_2018
PDC,Paz Zamora,,mayo,2018,captura_consulting,pat,captura_consulting_mayo_2018
PAN-BOL,Nina,,mayo,2018,captura_consulting,pat,captura_consulting_mayo_2018
FPV,Rodríguez,,mayo,2018,captura_consulting,pat,captura_consulting_mayo_2018
,Albarracín,2.5,mayo,2018,captura_consulting,pat,captura_consulting_mayo_2018
,Otros,5.2,mayo,2018,captura_consulting,pat,captura_consulting_mayo_2018
,NS/NR,17.4,mayo,2018,captura_consulting,pat,captura_consulting_mayo_2018
,Blanco,,mayo,2018,captura_consulting,pat,captura_consulting_mayo_2018
,Ninguno,,mayo,2018,captura_consulting,pat,captura_consulting_mayo_2018
,Nulo,,mayo,2018,captura_consulting,pat,captura_consulting_mayo_2018
,Indecisos,,mayo,2018,captura_consulting,pat,captura_consulting_mayo_2018
MAS-IPSP,Morales,27,julio,2018,mercados_y_muestras,pg7,mercados_y_muestras_julio_2018
CC,Mesa,25,julio,2018,mercados_y_muestras,pg7,mercados_y_muestras_julio_2018
,Revilla,4,julio,2018,mercados_y_muestras,pg7,mercados_y_muestras_julio_2018
,Costas,8,julio,2018,mercados_y_muestras,pg7,mercados_y_muestras_julio_2018
,Doria Medina,7,julio,2018,mercados_y_muestras,pg7,mercados_y_muestras_julio_2018
21F,Ortiz,,julio,2018,mercados_y_muestras,pg7,mercados_y_muestras_julio_2018
UCS,Cárdenas,,julio,2018,mercados_y_muestras,pg7,mercados_y_muestras_julio_2018
MTS,Patzi,2,julio,2018,mercados_y_muestras,pg7,mercados_y_muestras_julio_2018
MNR,Lema,,julio,2018,mercados_y_muestras,pg7,mercados_y_muestras_julio_2018
,Quiroga,3,julio,2018,mercados_y_muestras,pg7,mercados_y_muestras_julio_2018
PDC,Paz Zamora,,julio,2018,mercados_y_muestras,pg7,mercados_y_muestras_julio_2018
PAN-BOL,Nina,,julio,2018,mercados_y_muestras,pg7,mercados_y_muestras_julio_2018
FPV,Rodríguez,,julio,2018,mercados_y_muestras,pg7,mercados_y_muestras_julio_2018
,Albarracín,2,julio,2018,mercados_y_muestras,pg7,mercados_y_muestras_julio_2018
,Otros,,julio,2018,mercados_y_muestras,pg7,mercados_y_muestras_julio_2018
,NS/NR,6,julio,2018,mercados_y_muestras,pg7,mercados_y_muestras_julio_2018
,Blanco,,julio,2018,mercados_y_muestras,pg7,mercados_y_muestras_julio_2018
,Ninguno,16,julio,2018,mercados_y_muestras,pg7,mercados_y_muestras_julio_2018
,Nulo,,julio,2018,mercados_y_muestras,pg7,mercados_y_muestras_julio_2018
,Indecisos,,julio,2018,mercados_y_muestras,pg7,mercados_y_muestras_julio_2018
MAS-IPSP,Morales,29.1,julio,2018,captura_consulting,pat,captura_consulting_julio_2018
CC,Mesa,21.8,julio,2018,captura_consulting,pat,captura_consulting_julio_2018
,Revilla,2.1,julio,2018,captura_consulting,pat,captura_consulting_julio_2018
,Costas,8.7,julio,2018,captura_consulting,pat,captura_consulting_julio_2018
,Doria Medina,6.1,julio,2018,captura_consulting,pat,captura_consulting_julio_2018
21F,Ortiz,,julio,2018,captura_consulting,pat,captura_consulting_julio_2018
UCS,Cárdenas,,julio,2018,captura_consulting,pat,captura_consulting_julio_2018
MTS,Patzi,,julio,2018,captura_consulting,pat,captura_consulting_julio_2018
MNR,Lema,,julio,2018,captura_consulting,pat,captura_consulting_julio_2018
,Quiroga,1.9,julio,2018,captura_consulting,pat,captura_consulting_julio_2018
PDC,Paz Zamora,,julio,2018,captura_consulting,pat,captura_consulting_julio_2018
PAN-BOL,Nina,,julio,2018,captura_consulting,pat,captura_consulting_julio_2018
FPV,Rodríguez,,julio,2018,captura_consulting,pat,captura_consulting_julio_2018
,Albarracín,1.3,julio,2018,captura_consulting,pat,captura_consulting_julio_2018
,Otros,4.6,julio,2018,captura_consulting,pat,captura_consulting_julio_2018
,NS/NR,24.6,julio,2018,captura_consulting,pat,captura_consulting_julio_2018
,Blanco,,julio,2018,captura_consulting,pat,captura_consulting_julio_2018
,Ninguno,,julio,2018,captura_consulting,pat,captura_consulting_julio_2018
,Nulo,,julio,2018,captura_consulting,pat,captura_consulting_julio_2018
,Indecisos,,julio,2018,captura_consulting,pat,captura_consulting_julio_2018
MAS-IPSP,Morales,29,agosto,2018,ipsos,rtp,ipsos_agosto_2018
CC,Mesa,27,agosto,2018,ipsos,rtp,ipsos_agosto_2018
,Revilla,3,agosto,2018,ipsos,rtp,ipsos_agosto_2018
,Costas,7,agosto,2018,ipsos,rtp,ipsos_agosto_2018
,Doria Medina,9,agosto,2018,ipsos,rtp,ipsos_agosto_2018
21F,Ortiz,,agosto,2018,ipsos,rtp,ipsos_agosto_2018
UCS,Cárdenas,,agosto,2018,ipsos,rtp,ipsos_agosto_2018
MTS,Patzi,,agosto,2018,ipsos,rtp,ipsos_agosto_2018
MNR,Lema,,agosto,2018,ipsos,rtp,ipsos_agosto_2018
,Quiroga,,agosto,2018,ipsos,rtp,ipsos_agosto_2018
PDC,Paz Zamora,,agosto,2018,ipsos,rtp,ipsos_agosto_2018
PAN-BOL,Nina,,agosto,2018,ipsos,rtp,ipsos_agosto_2018
FPV,Rodríguez,,agosto,2018,ipsos,rtp,ipsos_agosto_2018
,Albarracín,,agosto,2018,ipsos,rtp,ipsos_agosto_2018
,Otros,8,agosto,2018,ipsos,rtp,ipsos_agosto_2018
,NS/NR,5,agosto,2018,ipsos,rtp,ipsos_agosto_2018
,Blanco,,agosto,2018,ipsos,rtp,ipsos_agosto_2018
,Ninguno,12,agosto,2018,ipsos,rtp,ipsos_agosto_2018
,Nulo,,agosto,2018,ipsos,rtp,ipsos_agosto_2018
,Indecisos,,agosto,2018,ipsos,rtp,ipsos_agosto_2018
MAS-IPSP,Morales,28.3,septiembre,2018,captura_consulting,pat,captura_consulting_septiembre_2018
CC,Mesa,26.2,septiembre,2018,captura_consulting,pat,captura_consulting_septiembre_2018
,Revilla,2.4,septiembre,2018,captura_consulting,pat,captura_consulting_septiembre_2018
,Costas,7.6,septiembre,2018,captura_consulting,pat,captura_consulting_septiembre_2018
,Doria Medina,6.8,septiembre,2018,captura_consulting,pat,captura_consulting_septiembre_2018
21F,Ortiz,,septiembre,2018,captura_consulting,pat,captura_consulting_septiembre_2018
UCS,Cárdenas,,septiembre,2018,captura_consulting,pat,captura_consulting_septiembre_2018
MTS,Patzi,,septiembre,2018,captura_consulting,pat,captura_consulting_septiembre_2018
MNR,Lema,,septiembre,2018,captura_consulting,pat,captura_consulting_septiembre_2018
,Quiroga,2,septiembre,2018,captura_consulting,pat,captura_consulting_septiembre_2018
PDC,Paz Zamora,,septiembre,2018,captura_consulting,pat,captura_consulting_septiembre_2018
PAN-BOL,Nina,,septiembre,2018,captura_consulting,pat,captura_consulting_septiembre_2018
FPV,Rodríguez,,septiembre,2018,captura_consulting,pat,captura_consulting_septiembre_2018
,Albarracín,1.9,septiembre,2018,captura_consulting,pat,captura_consulting_septiembre_2018
,Otros,5.2,septiembre,2018,captura_consulting,pat,captura_consulting_septiembre_2018
,NS/NR,19.6,septiembre,2018,captura_consulting,pat,captura_consulting_septiembre_2018
,Blanco,,septiembre,2018,captura_consulting,pat,captura_consulting_septiembre_2018
,Ninguno,,septiembre,2018,captura_consulting,pat,captura_consulting_septiembre_2018
,Nulo,,septiembre,2018,captura_consulting,pat,captura_consulting_septiembre_2018
,Indecisos,,septiembre,2018,captura_consulting,pat,captura_consulting_septiembre_2018
MAS-IPSP,Morales,33,septiembre,2018,mercados_y_muestras,pg7,mercados_y_muestras_septiembre_2018
CC,Mesa,28,septiembre,2018,mercados_y_muestras,pg7,mercados_y_muestras_septiembre_2018
,Revilla,,septiembre,2018,mercados_y_muestras,pg7,mercados_y_muestras_septiembre_2018
,Costas,10,septiembre,2018,mercados_y_muestras,pg7,mercados_y_muestras_septiembre_2018
,Doria Medina,,septiembre,2018,mercados_y_muestras,pg7,mercados_y_muestras_septiembre_2018
21F,Ortiz,,septiembre,2018,mercados_y_muestras,pg7,mercados_y_muestras_septiembre_2018
UCS,Cárdenas,,septiembre,2018,mercados_y_muestras,pg7,mercados_y_muestras_septiembre_2018
MTS,Patzi,3,septiembre,2018,mercados_y_muestras,pg7,mercados_y_muestras_septiembre_2018
MNR,Lema,,septiembre,2018,mercados_y_muestras,pg7,mercados_y_muestras_septiembre_2018
,Quiroga,,septiembre,2018,mercados_y_muestras,pg7,mercados_y_muestras_septiembre_2018
PDC,Paz Zamora,2,septiembre,2018,mercados_y_muestras,pg7,mercados_y_muestras_septiembre_2018
PAN-BOL,Nina,,septiembre,2018,mercados_y_muestras,pg7,mercados_y_muestras_septiembre_2018
FPV,Rodríguez,,septiembre,2018,mercados_y_muestras,pg7,mercados_y_muestras_septiembre_2018
,Albarracín,,septiembre,2018,mercados_y_muestras,pg7,mercados_y_muestras_septiembre_2018
,Otros,,septiembre,2018,mercados_y_muestras,pg7,mercados_y_muestras_septiembre_2018
,NS/NR,4,septiembre,2018,mercados_y_muestras,pg7,mercados_y_muestras_septiembre_2018
,Blanco,,septiembre,2018,mercados_y_muestras,pg7,mercados_y_muestras_septiembre_2018
,Ninguno,20,septiembre,2018,mercados_y_muestras,pg7,mercados_y_muestras_septiembre_2018
,Nulo,,septiembre,2018,mercados_y_muestras,pg7,mercados_y_muestras_septiembre_2018
,Indecisos,,septiembre,2018,mercados_y_muestras,pg7,mercados_y_muestras_septiembre_2018
MAS-IPSP,Morales,39,octubre,2018,ipsos,rtp,ipsos_octubre_2018
CC,Mesa,25,octubre,2018,ipsos,rtp,ipsos_octubre_2018
,Revilla,,octubre,2018,ipsos,rtp,ipsos_octubre_2018
,Costas,6,octubre,2018,ipsos,rtp,ipsos_octubre_2018
,Doria Medina,4,octubre,2018,ipsos,rtp,ipsos_octubre_2018
21F,Ortiz,,octubre,2018,ipsos,rtp,ipsos_octubre_2018
UCS,Cárdenas,,octubre,2018,ipsos,rtp,ipsos_octubre_2018
MTS,Patzi,,octubre,2018,ipsos,rtp,ipsos_octubre_2018
MNR,Lema,,octubre,2018,ipsos,rtp,ipsos_octubre_2018
,Quiroga,3,octubre,2018,ipsos,rtp,ipsos_octubre_2018
PDC,Paz Zamora,,octubre,2018,ipsos,rtp,ipsos_octubre_2018
PAN-BOL,Nina,,octubre,2018,ipsos,rtp,ipsos_octubre_2018
FPV,Rodríguez,,octubre,2018,ipsos,rtp,ipsos_octubre_2018
,Albarracín,,octubre,2018,ipsos,rtp,ipsos_octubre_2018
,Otros,7,octubre,2018,ipsos,rtp,ipsos_octubre_2018
,NS/NR,3,octubre,2018,ipsos,rtp,ipsos_octubre_2018
,Blanco,,octubre,2018,ipsos,rtp,ipsos_octubre_2018
,Ninguno,13,octubre,2018,ipsos,rtp,ipsos_octubre_2018
,Nulo,,octubre,2018,ipsos,rtp,ipsos_octubre_2018
,Indecisos,,octubre,2018,ipsos,rtp,ipsos_octubre_2018
MAS-IPSP,Morales,31,octubre,2018,mercados_y_muestras,pg7,mercados_y_muestras_octubre_2018
CC,Mesa,33,octubre,2018,mercados_y_muestras,pg7,mercados_y_muestras_octubre_2018
,Revilla,1,octubre,2018,mercados_y_muestras,pg7,mercados_y_muestras_octubre_2018
,Costas,4,octubre,2018,mercados_y_muestras,pg7,mercados_y_muestras_octubre_2018
,Doria Medina,9,octubre,2018,mercados_y_muestras,pg7,mercados_y_muestras_octubre_2018
21F,Ortiz,,octubre,2018,mercados_y_muestras,pg7,mercados_y_muestras_octubre_2018
UCS,Cárdenas,1,octubre,2018,mercados_y_muestras,pg7,mercados_y_muestras_octubre_2018
MTS,Patzi,1,octubre,2018,mercados_y_muestras,pg7,mercados_y_muestras_octubre_2018
MNR,Lema,,octubre,2018,mercados_y_muestras,pg7,mercados_y_muestras_octubre_2018
,Quiroga,,octubre,2018,mercados_y_muestras,pg7,mercados_y_muestras_octubre_2018
PDC,Paz Zamora,1,octubre,2018,mercados_y_muestras,pg7,mercados_y_muestras_octubre_2018
PAN-BOL,Nina,,octubre,2018,mercados_y_muestras,pg7,mercados_y_muestras_octubre_2018
FPV,Rodríguez,,octubre,2018,mercados_y_muestras,pg7,mercados_y_muestras_octubre_2018
,Albarracín,,octubre,2018,mercados_y_muestras,pg7,mercados_y_muestras_octubre_2018
,Otros,,octubre,2018,mercados_y_muestras,pg7,mercados_y_muestras_octubre_2018
,NS/NR,7,octubre,2018,mercados_y_muestras,pg7,mercados_y_muestras_octubre_2018
,Blanco,,octubre,2018,mercados_y_muestras,pg7,mercados_y_muestras_octubre_2018
,Ninguno,12,octubre,2018,mercados_y_muestras,pg7,mercados_y_muestras_octubre_2018
,Nulo,,octubre,2018,mercados_y_muestras,pg7,mercados_y_muestras_octubre_2018
,Indecisos,,octubre,2018,mercados_y_muestras,pg7,mercados_y_muestras_octubre_2018
MAS-IPSP,Morales,35,octubre,2018,tal_cual,atb,tal_cual_octubre_2018
CC,Mesa,31,octubre,2018,tal_cual,atb,tal_cual_octubre_2018
,Revilla,,octubre,2018,tal_cual,atb,tal_cual_octubre_2018
,Costas,,octubre,2018,tal_cual,atb,tal_cual_octubre_2018
,Doria Medina,11,octubre,2018,tal_cual,atb,tal_cual_octubre_2018
21F,Ortiz,,octubre,2018,tal_cual,atb,tal_cual_octubre_2018
UCS,Cárdenas,,octubre,2018,tal_cual,atb,tal_cual_octubre_2018
MTS,Patzi,,octubre,2018,tal_cual,atb,tal_cual_octubre_2018
MNR,Lema,,octubre,2018,tal_cual,atb,tal_cual_octubre_2018
,Quiroga,,octubre,2018,tal_cual,atb,tal_cual_octubre_2018
PDC,Paz Zamora,,octubre,2018,tal_cual,atb,tal_cual_octubre_2018
PAN-BOL,Nina,,octubre,2018,tal_cual,atb,tal_cual_octubre_2018
FPV,Rodríguez,,octubre,2018,tal_cual,atb,tal_cual_octubre_2018
,Albarracín,,octubre,2018,tal_cual,atb,tal_cual_octubre_2018
,Otros,7,octubre,2018,tal_cual,atb,tal_cual_octubre_2018
,NS/NR,16,octubre,2018,tal_cual,atb,tal_cual_octubre_2018
,Blanco,,octubre,2018,tal_cual,atb,tal_cual_octubre_2018
,Ninguno,,octubre,2018,tal_cual,atb,tal_cual_octubre_2018
,Nulo,,octubre,2018,tal_cual,atb,tal_cual_octubre_2018
,Indecisos,,octubre,2018,tal_cual,atb,tal_cual_octubre_2018
MAS-IPSP,Morales,35,octubre,2018,ciesmori,atb,ciesmori_octubre_2018
CC,Mesa,26,octubre,2018,ciesmori,atb,ciesmori_octubre_2018
,Revilla,4,octubre,2018,ciesmori,atb,ciesmori_octubre_2018
,Costas,6,octubre,2018,ciesmori,atb,ciesmori_octubre_2018
,Doria Medina,4,octubre,2018,ciesmori,atb,ciesmori_octubre_2018
21F,Ortiz,2,octubre,2018,ciesmori,atb,ciesmori_octubre_2018
UCS,Cárdenas,,octubre,2018,ciesmori,atb,ciesmori_octubre_2018
MTS,Patzi,4,octubre,2018,ciesmori,atb,ciesmori_octubre_2018
MNR,Lema,,octubre,2018,ciesmori,atb,ciesmori_octubre_2018
,Quiroga,,octubre,2018,ciesmori,atb,ciesmori_octubre_2018
PDC,Paz Zamora,,octubre,2018,ciesmori,atb,ciesmori_octubre_2018
PAN-BOL,Nina,,octubre,2018,ciesmori,atb,ciesmori_octubre_2018
FPV,Rodríguez,,octubre,2018,ciesmori,atb,ciesmori_octubre_2018
,Albarracín,,octubre,2018,ciesmori,atb,ciesmori_octubre_2018
,Otros,,octubre,2018,ciesmori,atb,ciesmori_octubre_2018
,NS/NR,19,octubre,2018,ciesmori,atb,ciesmori_octubre_2018
,Blanco,,octubre,2018,ciesmori,atb,ciesmori_octubre_2018
,Ninguno,,octubre,2018,ciesmori,atb,ciesmori_octubre_2018
,Nulo,,octubre,2018,ciesmori,atb,ciesmori_octubre_2018
,Indecisos,,octubre,2018,ciesmori,atb,ciesmori_octubre_2018
MAS-IPSP,Morales,29,noviembre,2018,mercados_y_muestras,pg7,mercados_y_muestras_noviembre_2018
CC,Mesa,34,noviembre,2018,mercados_y_muestras,pg7,mercados_y_muestras_noviembre_2018
,Revilla,,noviembre,2018,mercados_y_muestras,pg7,mercados_y_muestras_noviembre_2018
,Costas,,noviembre,2018,mercados_y_muestras,pg7,mercados_y_muestras_noviembre_2018
,Doria Medina,10,noviembre,2018,mercados_y_muestras,pg7,mercados_y_muestras_noviembre_2018
21F,Ortiz,,noviembre,2018,mercados_y_muestras,pg7,mercados_y_muestras_noviembre_2018
UCS,Cárdenas,3,noviembre,2018,mercados_y_muestras,pg7,mercados_y_muestras_noviembre_2018
MTS,Patzi,2,noviembre,2018,mercados_y_muestras,pg7,mercados_y_muestras_noviembre_2018
MNR,Lema,,noviembre,2018,mercados_y_muestras,pg7,mercados_y_muestras_noviembre_2018
,Quiroga,,noviembre,2018,mercados_y_muestras,pg7,mercados_y_muestras_noviembre_2018
PDC,Paz Zamora,4,noviembre,2018,mercados_y_muestras,pg7,mercados_y_muestras_noviembre_2018
PAN-BOL,Nina,,noviembre,2018,mercados_y_muestras,pg7,mercados_y_muestras_noviembre_2018
FPV,Rodríguez,,noviembre,2018,mercados_y_muestras,pg7,mercados_y_muestras_noviembre_2018
,Albarracín,,noviembre,2018,mercados_y_muestras,pg7,mercados_y_muestras_noviembre_2018
,Otros,,noviembre,2018,mercados_y_muestras,pg7,mercados_y_muestras_noviembre_2018
,NS/NR,10,noviembre,2018,mercados_y_muestras,pg7,mercados_y_muestras_noviembre_2018
,Blanco,,noviembre,2018,mercados_y_muestras,pg7,mercados_y_muestras_noviembre_2018
,Ninguno,7,noviembre,2018,mercados_y_muestras,pg7,mercados_y_muestras_noviembre_2018
,Nulo,,noviembre,2018,mercados_y_muestras,pg7,mercados_y_muestras_noviembre_2018
,Indecisos,,noviembre,2018,mercados_y_muestras,pg7,mercados_y_muestras_noviembre_2018
MAS-IPSP,Morales,30,diciembre,2018,mercados_y_muestras,pg7,mercados_y_muestras_diciembre_2018
CC,Mesa,39,diciembre,2018,mercados_y_muestras,pg7,mercados_y_muestras_diciembre_2018
,Revilla,,diciembre,2018,mercados_y_muestras,pg7,mercados_y_muestras_diciembre_2018
,Costas,,diciembre,2018,mercados_y_muestras,pg7,mercados_y_muestras_diciembre_2018
,Doria Medina,,diciembre,2018,mercados_y_muestras,pg7,mercados_y_muestras_diciembre_2018
21F,Ortiz,4,diciembre,2018,mercados_y_muestras,pg7,mercados_y_muestras_diciembre_2018
UCS,Cárdenas,3,diciembre,2018,mercados_y_muestras,pg7,mercados_y_muestras_diciembre_2018
MTS,Patzi,2,diciembre,2018,mercados_y_muestras,pg7,mercados_y_muestras_diciembre_2018
MNR,Lema,,diciembre,2018,mercados_y_muestras,pg7,mercados_y_muestras_diciembre_2018
,Quiroga,,diciembre,2018,mercados_y_muestras,pg7,mercados_y_muestras_diciembre_2018
PDC,Paz Zamora,2,diciembre,2018,mercados_y_muestras,pg7,mercados_y_muestras_diciembre_2018
PAN-BOL,Nina,,diciembre,2018,mercados_y_muestras,pg7,mercados_y_muestras_diciembre_2018
FPV,Rodríguez,,diciembre,2018,mercados_y_muestras,pg7,mercados_y_muestras_diciembre_2018
,Albarracín,,diciembre,2018,mercados_y_muestras,pg7,mercados_y_muestras_diciembre_2018
,Otros,,diciembre,2018,mercados_y_muestras,pg7,mercados_y_muestras_diciembre_2018
,NS/NR,,diciembre,2018,mercados_y_muestras,pg7,mercados_y_muestras_diciembre_2018
,Blanco,,diciembre,2018,mercados_y_muestras,pg7,mercados_y_muestras_diciembre_2018
,Ninguno,,diciembre,2018,mercados_y_muestras,pg7,mercados_y_muestras_diciembre_2018
,Nulo,,diciembre,2018,mercados_y_muestras,pg7,mercados_y_muestras_diciembre_2018
,Indecisos,20,diciembre,2018,mercados_y_muestras,pg7,mercados_y_muestras_diciembre_2018
MAS-IPSP,Morales,34.5,diciembre,2018,captura_consulting,pat,captura_consulting_diciembre_2018
CC,Mesa,22.2,diciembre,2018,captura_consulting,pat,captura_consulting_diciembre_2018
,Revilla,,diciembre,2018,captura_consulting,pat,captura_consulting_diciembre_2018
,Costas,,diciembre,2018,captura_consulting,pat,captura_consulting_diciembre_2018
,Doria Medina,,diciembre,2018,captura_consulting,pat,captura_consulting_diciembre_2018
21F,Ortiz,,diciembre,2018,captura_consulting,pat,captura_consulting_diciembre_2018
UCS,Cárdenas,1.2,diciembre,2018,captura_consulting,pat,captura_consulting_diciembre_2018
MTS,Patzi,,diciembre,2018,captura_consulting,pat,captura_consulting_diciembre_2018
MNR,Lema,,diciembre,2018,captura_consulting,pat,captura_consulting_diciembre_2018
,Quiroga,,diciembre,2018,captura_consulting,pat,captura_consulting_diciembre_2018
PDC,Paz Zamora,,diciembre,2018,captura_consulting,pat,captura_consulting_diciembre_2018
PAN-BOL,Nina,,diciembre,2018,captura_consulting,pat,captura_consulting_diciembre_2018
FPV,Rodríguez,,diciembre,2018,captura_consulting,pat,captura_consulting_diciembre_2018
,Albarracín,,diciembre,2018,captura_consulting,pat,captura_consulting_diciembre_2018
,Otros,,diciembre,2018,captura_consulting,pat,captura_consulting_diciembre_2018
,NS/NR,,diciembre,2018,captura_consulting,pat,captura_consulting_diciembre_2018
,Blanco,,diciembre,2018,captura_consulting,pat,captura_consulting_diciembre_2018
,Ninguno,,diciembre,2018,captura_consulting,pat,captura_consulting_diciembre_2018
,Nulo,,diciembre,2018,captura_consulting,pat,captura_consulting_diciembre_2018
,Indecisos,,diciembre,2018,captura_consulting,pat,captura_consulting_diciembre_2018
MAS-IPSP,Morales,32,enero,2019,mercados_y_muestras,pg7,mercados_y_muestras_enero_2019
CC,Mesa,32,enero,2019,mercados_y_muestras,pg7,mercados_y_muestras_enero_2019
,Revilla,,enero,2019,mercados_y_muestras,pg7,mercados_y_muestras_enero_2019
,Costas,,enero,2019,mercados_y_muestras,pg7,mercados_y_muestras_enero_2019
,Doria Medina,,enero,2019,mercados_y_muestras,pg7,mercados_y_muestras_enero_2019
21F,Ortiz,4,enero,2019,mercados_y_muestras,pg7,mercados_y_muestras_enero_2019
UCS,Cárdenas,2,enero,2019,mercados_y_muestras,pg7,mercados_y_muestras_enero_2019
MTS,Patzi,2,enero,2019,mercados_y_muestras,pg7,mercados_y_muestras_enero_2019
MNR,Lema,,enero,2019,mercados_y_muestras,pg7,mercados_y_muestras_enero_2019
,Quiroga,,enero,2019,mercados_y_muestras,pg7,mercados_y_muestras_enero_2019
PDC,Paz Zamora,3,enero,2019,mercados_y_muestras,pg7,mercados_y_muestras_enero_2019
PAN-BOL,Nina,,enero,2019,mercados_y_muestras,pg7,mercados_y_muestras_enero_2019
FPV,Rodríguez,,enero,2019,mercados_y_muestras,pg7,mercados_y_muestras_enero_2019
,Albarracín,,enero,2019,mercados_y_muestras,pg7,mercados_y_muestras_enero_2019
,Otros,,enero,2019,mercados_y_muestras,pg7,mercados_y_muestras_enero_2019
,NS/NR,,enero,2019,mercados_y_muestras,pg7,mercados_y_muestras_enero_2019
,Blanco,,enero,2019,mercados_y_muestras,pg7,mercados_y_muestras_enero_2019
,Ninguno,,enero,2019,mercados_y_muestras,pg7,mercados_y_muestras_enero_2019
,Nulo,,enero,2019,mercados_y_muestras,pg7,mercados_y_muestras_enero_2019
,Indecisos,25,enero,2019,mercados_y_muestras,pg7,mercados_y_muestras_enero_2019
MAS-IPSP,Morales,33.4,enero,2019,captura_consulting,pat,captura_consulting_enero_2019
CC,Mesa,21.9,enero,2019,captura_consulting,pat,captura_consulting_enero_2019
,Revilla,,enero,2019,captura_consulting,pat,captura_consulting_enero_2019
,Costas,,enero,2019,captura_consulting,pat,captura_consulting_enero_2019
,Doria Medina,,enero,2019,captura_consulting,pat,captura_consulting_enero_2019
21F,Ortiz,6.2,enero,2019,captura_consulting,pat,captura_consulting_enero_2019
UCS,Cárdenas,3.1,enero,2019,captura_consulting,pat,captura_consulting_enero_2019
MTS,Patzi,1.9,enero,2019,captura_consulting,pat,captura_consulting_enero_2019
MNR,Lema,0.4,enero,2019,captura_consulting,pat,captura_consulting_enero_2019
,Quiroga,,enero,2019,captura_consulting,pat,captura_consulting_enero_2019
PDC,Paz Zamora,1.2,enero,2019,captura_consulting,pat,captura_consulting_enero_2019
PAN-BOL,Nina,0.8,enero,2019,captura_consulting,pat,captura_consulting_enero_2019
FPV,Rodríguez,,enero,2019,captura_consulting,pat,captura_consulting_enero_2019
,Albarracín,,enero,2019,captura_consulting,pat,captura_consulting_enero_2019
,Otros,,enero,2019,captura_consulting,pat,captura_consulting_enero_2019
,NS/NR,13.4,enero,2019,captura_consulting,pat,captura_consulting_enero_2019
,Blanco,18,enero,2019,captura_consulting,pat,captura_consulting_enero_2019
,Ninguno,,enero,2019,captura_consulting,pat,captura_consulting_enero_2019
,Nulo,,enero,2019,captura_consulting,pat,captura_consulting_enero_2019
,Indecisos,,enero,2019,captura_consulting,pat,captura_consulting_enero_2019
MAS-IPSP,Morales,35.6,febrero,2019,tal_cual,atb,tal_cual_febrero_2019
CC,Mesa,30.5,febrero,2019,tal_cual,atb,tal_cual_febrero_2019
,Revilla,,febrero,2019,tal_cual,atb,tal_cual_febrero_2019
,Costas,,febrero,2019,tal_cual,atb,tal_cual_febrero_2019
,Doria Medina,,febrero,2019,tal_cual,atb,tal_cual_febrero_2019
21F,Ortiz,6.6,febrero,2019,tal_cual,atb,tal_cual_febrero_2019
UCS,Cárdenas,4.1,febrero,2019,tal_cual,atb,tal_cual_febrero_2019
MTS,Patzi,0.8,febrero,2019,tal_cual,atb,tal_cual_febrero_2019
MNR,Lema,2.2,febrero,2019,tal_cual,atb,tal_cual_febrero_2019
,Quiroga,,febrero,2019,tal_cual,atb,tal_cual_febrero_2019
PDC,Paz Zamora,3.1,febrero,2019,tal_cual,atb,tal_cual_febrero_2019
PAN-BOL,Nina,0.3,febrero,2019,tal_cual,atb,tal_cual_febrero_2019
FPV,Rodríguez,,febrero,2019,tal_cual,atb,tal_cual_febrero_2019
,Albarracín,,febrero,2019,tal_cual,atb,tal_cual_febrero_2019
,Otros,,febrero,2019,tal_cual,atb,tal_cual_febrero_2019
,NS/NR,16.7,febrero,2019,tal_cual,atb,tal_cual_febrero_2019
,Blanco,,febrero,2019,tal_cual,atb,tal_cual_febrero_2019
,Ninguno,,febrero,2019,tal_cual,atb,tal_cual_febrero_2019
,Nulo,,febrero,2019,tal_cual,atb,tal_cual_febrero_2019
,Indecisos,,febrero,2019,tal_cual,atb,tal_cual_febrero_2019
MAS-IPSP,Morales,31,febrero,2019,mercados_y_muestras,pg7,mercados_y_muestras_febrero_2019
CC,Mesa,30,febrero,2019,mercados_y_muestras,pg7,mercados_y_muestras_febrero_2019
,Revilla,,febrero,2019,mercados_y_muestras,pg7,mercados_y_muestras_febrero_2019
,Costas,,febrero,2019,mercados_y_muestras,pg7,mercados_y_muestras_febrero_2019
,Doria Medina,,febrero,2019,mercados_y_muestras,pg7,mercados_y_muestras_febrero_2019
21F,Ortiz,7,febrero,2019,mercados_y_muestras,pg7,mercados_y_muestras_febrero_2019
UCS,Cárdenas,2,febrero,2019,mercados_y_muestras,pg7,mercados_y_muestras_febrero_2019
MTS,Patzi,2,febrero,2019,mercados_y_muestras,pg7,mercados_y_muestras_febrero_2019
MNR,Lema,,febrero,2019,mercados_y_muestras,pg7,mercados_y_muestras_febrero_2019
,Quiroga,,febrero,2019,mercados_y_muestras,pg7,mercados_y_muestras_febrero_2019
PDC,Paz Zamora,3,febrero,2019,mercados_y_muestras,pg7,mercados_y_muestras_febrero_2019
PAN-BOL,Nina,,febrero,2019,mercados_y_muestras,pg7,mercados_y_muestras_febrero_2019
FPV,Rodríguez,,febrero,2019,mercados_y_muestras,pg7,mercados_y_muestras_febrero_2019
,Albarracín,,febrero,2019,mercados_y_muestras,pg7,mercados_y_muestras_febrero_2019
,Otros,,febrero,2019,mercados_y_muestras,pg7,mercados_y_muestras_febrero_2019
,NS/NR,,febrero,2019,mercados_y_muestras,pg7,mercados_y_muestras_febrero_2019
,Blanco,,febrero,2019,mercados_y_muestras,pg7,mercados_y_muestras_febrero_2019
,Ninguno,,febrero,2019,mercados_y_muestras,pg7,mercados_y_muestras_febrero_2019
,Nulo,,febrero,2019,mercados_y_muestras,pg7,mercados_y_muestras_febrero_2019
,Indecisos,25,febrero,2019,mercados_y_muestras,pg7,mercados_y_muestras_febrero_2019
MAS-IPSP,Morales,37.5,marzo,2019,celag,NA,celag_marzo_2019
CC,Mesa,28.6,marzo,2019,celag,NA,celag_marzo_2019
,Revilla,,marzo,2019,celag,NA,celag_marzo_2019
,Costas,,marzo,2019,celag,NA,celag_marzo_2019
,Doria Medina,,marzo,2019,celag,NA,celag_marzo_2019
21F,Ortiz,7.6,marzo,2019,celag,NA,celag_marzo_2019
UCS,Cárdenas,4.1,marzo,2019,celag,NA,celag_marzo_2019
MTS,Patzi,2.7,marzo,2019,celag,NA,celag_marzo_2019
MNR,Lema,,marzo,2019,celag,NA,celag_marzo_2019
,Quiroga,,marzo,2019,celag,NA,celag_marzo_2019
PDC,Paz Zamora,,marzo,2019,celag,NA,celag_marzo_2019
PAN-BOL,Nina,,marzo,2019,celag,NA,celag_marzo_2019
FPV,Rodríguez,,marzo,2019,celag,NA,celag_marzo_2019
,Albarracín,,marzo,2019,celag,NA,celag_marzo_2019
,Otros,1.3,marzo,2019,celag,NA,celag_marzo_2019
,NS/NR,5.3,marzo,2019,celag,NA,celag_marzo_2019
,Blanco,9.3,marzo,2019,celag,NA,celag_marzo_2019
,Ninguno,,marzo,2019,celag,NA,celag_marzo_2019
,Nulo,3.6,marzo,2019,celag,NA,celag_marzo_2019
,Indecisos,,marzo,2019,celag,NA,celag_marzo_2019
MAS-IPSP,Morales,31,marzo,2019,mercados_y_muestras,pg7,mercados_y_muestras_marzo_2019
CC,Mesa,32,marzo,2019,mercados_y_muestras,pg7,mercados_y_muestras_marzo_2019
,Revilla,,marzo,2019,mercados_y_muestras,pg7,mercados_y_muestras_marzo_2019
,Costas,,marzo,2019,mercados_y_muestras,pg7,mercados_y_muestras_marzo_2019
,Doria Medina,,marzo,2019,mercados_y_muestras,pg7,mercados_y_muestras_marzo_2019
21F,Ortiz,8,marzo,2019,mercados_y_muestras,pg7,mercados_y_muestras_marzo_2019
UCS,Cárdenas,2,marzo,2019,mercados_y_muestras,pg7,mercados_y_muestras_marzo_2019
MTS,Patzi,3,marzo,2019,mercados_y_muestras,pg7,mercados_y_muestras_marzo_2019
MNR,Lema,,marzo,2019,mercados_y_muestras,pg7,mercados_y_muestras_marzo_2019
,Quiroga,,marzo,2019,mercados_y_muestras,pg7,mercados_y_muestras_marzo_2019
PDC,Paz Zamora,2,marzo,2019,mercados_y_muestras,pg7,mercados_y_muestras_marzo_2019
PAN-BOL,Nina,1,marzo,2019,mercados_y_muestras,pg7,mercados_y_muestras_marzo_2019
FPV,Rodríguez,,marzo,2019,mercados_y_muestras,pg7,mercados_y_muestras_marzo_2019
,Albarracín,,marzo,2019,mercados_y_muestras,pg7,mercados_y_muestras_marzo_2019
,Otros,,marzo,2019,mercados_y_muestras,pg7,mercados_y_muestras_marzo_2019
,NS/NR,11,marzo,2019,mercados_y_muestras,pg7,mercados_y_muestras_marzo_2019
,Blanco,,marzo,2019,mercados_y_muestras,pg7,mercados_y_muestras_marzo_2019
,Ninguno,10,marzo,2019,mercados_y_muestras,pg7,mercados_y_muestras_marzo_2019
,Nulo,,marzo,2019,mercados_y_muestras,pg7,mercados_y_muestras_marzo_2019
,Indecisos,,marzo,2019,mercados_y_muestras,pg7,mercados_y_muestras_marzo_2019
MAS-IPSP,Morales,30.2,marzo,2019,captura_consulting,pat,captura_consulting_marzo_2019
CC,Mesa,26.1,marzo,2019,captura_consulting,pat,captura_consulting_marzo_2019
,Revilla,,marzo,2019,captura_consulting,pat,captura_consulting_marzo_2019
,Costas,,marzo,2019,captura_consulting,pat,captura_consulting_marzo_2019
,Doria Medina,,marzo,2019,captura_consulting,pat,captura_consulting_marzo_2019
21F,Ortiz,8.2,marzo,2019,captura_consulting,pat,captura_consulting_marzo_2019
UCS,Cárdenas,2.8,marzo,2019,captura_consulting,pat,captura_consulting_marzo_2019
MTS,Patzi,1.3,marzo,2019,captura_consulting,pat,captura_consulting_marzo_2019
MNR,Lema,0.5,marzo,2019,captura_consulting,pat,captura_consulting_marzo_2019
,Quiroga,,marzo,2019,captura_consulting,pat,captura_consulting_marzo_2019
PDC,Paz Zamora,2.6,marzo,2019,captura_consulting,pat,captura_consulting_marzo_2019
PAN-BOL,Nina,1.6,marzo,2019,captura_consulting,pat,captura_consulting_marzo_2019
FPV,Rodríguez,0.3,marzo,2019,captura_consulting,pat,captura_consulting_marzo_2019
,Albarracín,,marzo,2019,captura_consulting,pat,captura_consulting_marzo_2019
,Otros,,marzo,2019,captura_consulting,pat,captura_consulting_marzo_2019
,NS/NR,26.6,marzo,2019,captura_consulting,pat,captura_consulting_marzo_2019
,Blanco,,marzo,2019,captura_consulting,pat,captura_consulting_marzo_2019
,Ninguno,,marzo,2019,captura_consulting,pat,captura_consulting_marzo_2019
,Nulo,,marzo,2019,captura_consulting,pat,captura_consulting_marzo_2019
,Indecisos,,marzo,2019,captura_consulting,pat,captura_consulting_marzo_2019
MAS-IPSP,Morales,33,abril,2019,ipsos,rtp,ipsos_abril_2019
CC,Mesa,25,abril,2019,ipsos,rtp,ipsos_abril_2019
,Revilla,,abril,2019,ipsos,rtp,ipsos_abril_2019
,Costas,,abril,2019,ipsos,rtp,ipsos_abril_2019
,Doria Medina,,abril,2019,ipsos,rtp,ipsos_abril_2019
21F,Ortiz,7,abril,2019,ipsos,rtp,ipsos_abril_2019
UCS,Cárdenas,2,abril,2019,ipsos,rtp,ipsos_abril_2019
MTS,Patzi,,abril,2019,ipsos,rtp,ipsos_abril_2019
MNR,Lema,,abril,2019,ipsos,rtp,ipsos_abril_2019
,Quiroga,,abril,2019,ipsos,rtp,ipsos_abril_2019
PDC,Paz Zamora,3,abril,2019,ipsos,rtp,ipsos_abril_2019
PAN-BOL,Nina,,abril,2019,ipsos,rtp,ipsos_abril_2019
FPV,Rodríguez,,abril,2019,ipsos,rtp,ipsos_abril_2019
,Albarracín,,abril,2019,ipsos,rtp,ipsos_abril_2019
,Otros,8,abril,2019,ipsos,rtp,ipsos_abril_2019
,NS/NR,7,abril,2019,ipsos,rtp,ipsos_abril_2019
,Blanco,,abril,2019,ipsos,rtp,ipsos_abril_2019
,Ninguno,15,abril,2019,ipsos,rtp,ipsos_abril_2019
,Nulo,,abril,2019,ipsos,rtp,ipsos_abril_2019
,Indecisos,,abril,2019,ipsos,rtp,ipsos_abril_2019
MAS-IPSP,Morales,34,abril,2019,mercados_y_muestras,pg7,mercados_y_muestras_abril_2019
CC,Mesa,28,abril,2019,mercados_y_muestras,pg7,mercados_y_muestras_abril_2019
,Revilla,,abril,2019,mercados_y_muestras,pg7,mercados_y_muestras_abril_2019
,Costas,,abril,2019,mercados_y_muestras,pg7,mercados_y_muestras_abril_2019
,Doria Medina,,abril,2019,mercados_y_muestras,pg7,mercados_y_muestras_abril_2019
21F,Ortiz,8,abril,2019,mercados_y_muestras,pg7,mercados_y_muestras_abril_2019
UCS,Cárdenas,1,abril,2019,mercados_y_muestras,pg7,mercados_y_muestras_abril_2019
MTS,Patzi,3,abril,2019,mercados_y_muestras,pg7,mercados_y_muestras_abril_2019
MNR,Lema,1,abril,2019,mercados_y_muestras,pg7,mercados_y_muestras_abril_2019
,Quiroga,,abril,2019,mercados_y_muestras,pg7,mercados_y_muestras_abril_2019
PDC,Paz Zamora,1,abril,2019,mercados_y_muestras,pg7,mercados_y_muestras_abril_2019
PAN-BOL,Nina,,abril,2019,mercados_y_muestras,pg7,mercados_y_muestras_abril_2019
FPV,Rodríguez,,abril,2019,mercados_y_muestras,pg7,mercados_y_muestras_abril_2019
,Albarracín,,abril,2019,mercados_y_muestras,pg7,mercados_y_muestras_abril_2019
,Otros,,abril,2019,mercados_y_muestras,pg7,mercados_y_muestras_abril_2019
,NS/NR,,abril,2019,mercados_y_muestras,pg7,mercados_y_muestras_abril_2019
,Blanco,,abril,2019,mercados_y_muestras,pg7,mercados_y_muestras_abril_2019
,Ninguno,,abril,2019,mercados_y_muestras,pg7,mercados_y_muestras_abril_2019
,Nulo,,abril,2019,mercados_y_muestras,pg7,mercados_y_muestras_abril_2019
,Indecisos,24,abril,2019,mercados_y_muestras,pg7,mercados_y_muestras_abril_2019
MAS-IPSP,Morales,38.1,mayo,2019,tal_cual,la_razon,tal_cual_mayo_2019
CC,Mesa,27.1,mayo,2019,tal_cual,la_razon,tal_cual_mayo_2019
,Revilla,,mayo,2019,tal_cual,la_razon,tal_cual_mayo_2019
,Costas,,mayo,2019,tal_cual,la_razon,tal_cual_mayo_2019
,Doria Medina,,mayo,2019,tal_cual,la_razon,tal_cual_mayo_2019
21F,Ortiz,8.7,mayo,2019,tal_cual,la_razon,tal_cual_mayo_2019
UCS,Cárdenas,3.6,mayo,2019,tal_cual,la_razon,tal_cual_mayo_2019
MTS,Patzi,1.3,mayo,2019,tal_cual,la_razon,tal_cual_mayo_2019
MNR,Lema,1.9,mayo,2019,tal_cual,la_razon,tal_cual_mayo_2019
,Quiroga,,mayo,2019,tal_cual,la_razon,tal_cual_mayo_2019
PDC,Paz Zamora,2.8,mayo,2019,tal_cual,la_razon,tal_cual_mayo_2019
PAN-BOL,Nina,0.5,mayo,2019,tal_cual,la_razon,tal_cual_mayo_2019
FPV,Rodríguez,,mayo,2019,tal_cual,la_razon,tal_cual_mayo_2019
,Albarracín,,mayo,2019,tal_cual,la_razon,tal_cual_mayo_2019
,Otros,,mayo,2019,tal_cual,la_razon,tal_cual_mayo_2019
,NS/NR,16.2,mayo,2019,tal_cual,la_razon,tal_cual_mayo_2019
,Blanco,,mayo,2019,tal_cual,la_razon,tal_cual_mayo_2019
,Ninguno,,mayo,2019,tal_cual,la_razon,tal_cual_mayo_2019
,Nulo,,mayo,2019,tal_cual,la_razon,tal_cual_mayo_2019
,Indecisos,,mayo,2019,tal_cual,la_razon,tal_cual_mayo_2019
